taxonomic_name,common_name,cultivation,sunlight,water,preferred_ph_lower,preferred_ph_upper,nutrients,soil,season,temperature_class,temperature_germination,temperature_growing,days_germination,days_harvest,nutritional_info,energy,sensitivities,description,requirements,days_harvest_min,days_harvest_max,days_harvest_avg,days_germ_min,days_germ_max,days_germ_avg,temp_germ_min,temp_germ_max,temp_germ_avg,temp_grow_min,temp_grow_max,temp_grow_avg
pisum sativum,pea,legume,full sun,very high,6,7.5,medium,loamy,annual,half hardy,24,4-24,6,55-75,"a good source of vitamin k, manganese, and dietary fibre.",80,drought intolerant,"the pea is the small spherical seed, or the seed-pod. peas come in two varieties: shelling, and mangetout.","require a sunny, nutrient-rich, moisture-retentive site.",55,75,65,6,6,6,24,24,24,4,24,14
phaseolus coccineus,beans (runner),legume,full sun,medium,6,6.8,medium,loamy and clay,annual,tender,26,16-30,7,65-85,"a good source of protein, thiamine, and riboflavin.",27,drought intolerant,"runner bean plants are more productive than green bean plants. the rough, flat, green pods need to be destrung and cut into smaller pieces before cooking.","beans are a tender, warm-weather crop. they are perfectly suited to a sunny, and well-drained spot away from strong winds. they enjoy moist, and fertile soil.",65,85,75,7,7,7,26,26,26,16,30,23
phaseolus vulgari,beans (french),legume,full sun,medium,6,7.5,medium,any well-drained and fertile,annual,tender,26,16-30,7,40-55,"a good source of protein, thiamine, and riboflavin.",27,drought intolerant,"french beans are the unripe fruit, and protective pods of various cultivars of the common bean.","beans are a tender, warm-weather crop. they are perfectly suited to a sunny, and well-drained spot away from strong winds. they enjoy moist, and fertile soil.",40,55,47.5,7,7,7,26,26,26,16,30,23
vicia faba,beans (broad),legume,full sun/partial shade/full shade,very low,6,7,medium,any well-drained and fertile,annual,hardy,10,8-15,7,85-115,"a good source of vitamin-b6 (pyridoxine), thiamine (vitamin b-1), and riboflavin.",88,drought intolerant,"broad beans - also known as the fava bean - are large, broad pods with flat, edible seeds. the shells are not eaten.","broad beans are a cool weather crop. they grow best in a sunny, and well drained spot away from strong winds. they enjoy moist, and fertile soil.",85,115,100,7,7,7,10,10,10,8,15,11.5
brassica oleracea,cabbage (spring),legume,full sun,high,6,7.5,high,sand/loam/clay,biennial,hardy,26,7-30,4,55-85,"a very good source of manganese, dietary fibre, potassium, vitamin b1, folate and copper.",25,particularly vulnerable to pests. do not grow if soil is too acidic.,"cabbages are a leafy green or purple biennial plant. they are grown as an annual vegetable crop for their dense-leaved heads. these can be eaten raw in salads, or cooked.","cabbage is a cool-season crop best planted in early spring or mid to late summer. they grow best in partial-shade, in firm, fertile, and free-draining soil.",55,85,70,4,4,4,26,26,26,7,30,18.5
brassica oleracea (italica group),broccoli,brassica,full sun/partial shade,medium,6,7.5,high,loamy and sandy,NA,half hardy,30,7-30,4,55-85,"a good source of vitamin c, folate, dietary fibre, and potassium.",34,a cool weather crop best not grown over hot summer months. broccoli are temperature sensitive with an ideal temperature range of 18 to 26 °c.,"broccoli is a member of the cabbage family. the broccoli is the green or purple flowering head. it is normally cooked, but can be eaten raw.","broccoli grow best in partial-shade, in firm, fertile, and free-draining soil. avoid shallow, sandy soils, and exposed sites.",55,85,70,4,4,4,30,30,30,7,30,18.5
brassica oleracea (gemmifera group),brussels sprouts,brassica,full sun,medium,6,7.5,high,loamy,biennial,hardy,26,7-30,4,180-,"a good source of dietary fibre, vitamin c, and folate.",35,affected by a wide range of pests and diseases. drought intolerant.,brussels sprouts are a member of the cabbage family. they are grown for their edible buds. the leafy green vegetables look like miniature cabbages.,"brussels sprouts are a cool-season crop. they grow best in partial-shade, in firm, fertile, and free-draining soil. avoid shallow, sandy soils, and exposed sites.",180,180,180,4,4,4,26,26,26,7,30,18.5
brassica oleracea (botrytis group),cauliflower,brassica,full sun,medium,5.5,7.5,high,any well-drained and fertile,NA,hardy,26,15-20,5,55-110,"a good source of vitamin c, vitamin k, and folate.",31,sensitive to temperatures over 25 °c.,"cauliflower is a variety of common cabbage in which flowers have begun to form, but have stopped growing at the bud stage. cauliflower is usually cooked, but can be eaten raw.","cauliflower grow best in partial-shade, in firm, fertile, and free-draining soil. they enjoy deep, humus rich soil, with a good supply of water and high humidity.",55,110,82.5,5,5,5,26,26,26,15,20,17.5
brassica oleracea (acephala group),kale,brassica,full sun,low,6,7.5,high,loamy,biennial,very hardy,26,15-20,4,65-75,"a good source of vitamin a, vitamin c, calcium, and potassium.",50,heat intolerant,"kale is a variety of the common cabbage, however it is considered closer to the wild cabbage. kale is one of the strongest and most disease resistant vegetables. it can have green or purple leaves.",kale tolerates cold weather better than most other brassicas and is relatively free of pests and diseases. it can be treated as a cut-and-come-again crop.,65,75,70,4,4,4,26,26,26,15,20,17.5
brassica rapa (rapa group),turnip,brassica,full sun/partial shade,medium,5.5,7.5,medium,loamy,biennial,very hardy,30,5-24,3,45-70,NA,NA,a cool weather crop best not grown over hot summer months.,turnip is a root vegetable with white flesh. that can be eaten cooked or raw.,"turnips grow best in cool, moisture retentive soils and should be kept well watered or the roots will be small and woody. they are biennials usually grown as annuals.",45,70,57.5,3,3,3,30,30,30,5,24,14.5
cucurbita pepo,zucchini or courgette,cucurbit,full sun,medium,6,7,high,any well-drained and fertile,annual,tender,21,21-35,7,50-60,NA,NA,NA,"used as a vegetable, it has a very mild flavour and is very watery. tends to be harvested when very young.",courgettes are easy to grow and will crop prolifically through summer and early autumn. they are ready for picking very soon after flowering. they will swell and form marrows if not harvested.,50,60,55,7,7,7,21,21,21,21,35,28
cucumis sativus,cucumber,cucurbit,full sun/partial shade,high,5.5,7,high,any well-drained and fertile,annual,tender,35,16-35,3,90-120,NA,NA,NA,a climbing plant that produces fruits that are used raw in salads or cooked. valued for its crisp texture and juiciness.,"there are indoor and outdoor varieties available so it’s worth checking what's the right type for you before you start sowing. you can grow cucumbers in the ground, in growbags and even in containers.",90,120,105,3,3,3,35,35,35,16,35,25.5
cucumis melo,melon,cucurbit,full sun,high,5.5,7.5,high,loamy,annual,tender,24-32,18-,4-10,75-100,NA,NA,NA,a sweet fruit eaten raw with a high water content so is refreshing. the seeds can also be eaten and are rich in oil.,"melons are tender plants. they need a warm, and sunny spot with high humidity and a rich, fertile, moisture retentive, deep and well-drained soil.",75,100,87.5,4,10,7,24,32,28,18,18,18
cucurbita moschata,pumpkin,cucurbit,full sun,medium,6,7,high,any well-drained and fertile,annual,hardy,35,21-35,4,90-120,NA,NA,NA,"both the flesh and the seed of the fruit can be eaten. the flesh is eaten cooked, and seeds can be eaten raw.","pumpkins are fun and easy to cultivate, but need a sunny position, plenty of water, and shelter from cold winds. once the first fruits start to swell, feed every 10-14 days with a high potash liquid fertiliser.",90,120,105,4,4,4,35,35,35,21,35,28
citrullus lanatus,water melon,cucurbit,full sun,high,6,7,high,sandy,annual,tender,35,26,4,80-100,NA,NA,NA,"the flesh of these large fruits are eaten raw. they have a very high water content, so are often used to make refreshing drinks.","native to africa, melons are very tender and need warmth (up to 25°f during the day) along with a long growing season. they are heavy feeders, and grow best on raised rows to ensure good drainage and heat retention.",80,100,90,4,4,4,35,35,35,26,26,26
lactuca sativa,lettuce (headed),salad,partial shade,high,6,7,medium,any well-drained and fertile,annual,tender,24,4-27,3,45-100,NA,NA,NA,"hearting lettuces have a dense centre of leaves which can be used in salads. choose the right variety and you can have lettuce almost all year, with difference colours and flavours to try.",lettuce requires full sun on moisture-retentive soil. it is a cool season crop and can tolerate light frosts. it will bolt in warm weather.,45,100,72.5,3,3,3,24,24,24,4,27,15.5
apium graveolens,celery,salad,full sun/partial shade,high,6,7,high,loamy,NA,tender,21,13-,7,90-140,NA,NA,NA,"the leaves and stems of this plant are eaten either raw or cooked. when raw they are a common salad ingredient, and cooked they are used in soups.","celery is a long-season crop that can be tricky to grow. it prefers a temperature range of 12-21°c, is a heavy feeder, and requires lots of water.",90,140,115,7,7,7,21,21,21,13,13,13
cichorium intybus,chicory,salad,full sun/partial shade,low,6,6.7,low,"chalky, sandy and clay",NA,hardy,21,10-25,6,75-80,NA,NA,NA,"the leaves are eaten raw or cooked and are often blanched by excluding light by earthing over, or covering the plant. the root is cooked similar to parsnip, or roasted and used as a coffee substitute.","chicory prefers an open, sunny site, with moderately fertile well-drained moisture retentive soil.",75,80,77.5,6,6,6,21,21,21,10,25,17.5
amaranthus cruentus,amaranth (grain),miscellaneous,full sun,medium,6,7,medium,well-drained and fertile,NA,tender,18-24,15-20,4,90-120,NA,NA,NA,"grown for its very small seed. these can be eaten cooked, or ground into a powder for baking. eaten raw they are sprouted and used in salads.","amaranth is a warm season crop that requires full sun. described as disease-free and drought-tolerant, they thrive in rich and well drained soil. once established, they produce abundant harvests under dry conditions.",90,120,105,4,4,4,18,24,21,15,20,17.5
cynara cardunculus,artichoke (globe),brassica,full sun/partial shade,medium,6,7,high potassium fertiliser every 2 weeks.,loamy,perennial,tender,NA,10-24,10-21,100-150,NA,NA,NA,the inner heart of the flower buds from this perennial are eaten raw or cooked.,"globe artichokes are large, architectural perennial plants, that are ornamental enough for the flower garden. they grow well in reasonably fertile, well drained soils.",100,150,125,10,21,15.5,NA,NA,NA,10,24,17
helianthus tuberosus,artichoke (jerusalem),miscellaneous,full sun,low,6.5,7.5,low,sand/loam/clay,NA,very hardy,18-32,18-32,10-17,110-150,NA,NA,NA,"this statuesque plant is a relative of the sunflower. it is grown for it's below-ground tubers that can be cooked or eaten raw, it also boasts attractive yellow flowers perched on 3m (10ft) stems.",jerusalem artichokes are grown from tubers and will grow in just about any soil. plant the least lumpy ones to breed out the knobbly artichokes which are more difficulty to peel.,110,150,130,10,17,13.5,18,32,25,18,32,25
asparagus officinalis,asparagus,miscellaneous,full sun/partial shade,medium,6.5,7.5,medium,sandy and loamy,NA,hardy,24,20,10,NA,NA,NA,NA,"asparagus is a herbaceous, perennial plant of which only the newly emerging shoots from young plants are eaten.","grows best in an open, sunny site, but will tolerate dappled shade. it is not fussy about the soil type as long as it is well drained.",NA,NA,NA,10,10,10,24,24,24,20,20,20
solanum melongena,aubergine,solanaceae,full sun,very high,5.5,7,high potassium fertiliser every 2 weeks.,loamy and potting mix,NA,tender,30,24-32,4,65-80,NA,NA,NA,"grown for it's egg-shaped, glossy, purple fruit which has white flesh. eaten cooked, it is normally baked, stewed or added to soups.",sunshine and warm growing conditions are the key to success. water regularly and feed with a high potassium liquid fertiliser every two weeks once the first fruit has set.,65,80,72.5,4,4,4,30,30,30,24,32,28
phaseolus vulgaris,beans (borlotti),legume,full sun/partial shade,medium,6,6.5,low,any well-drained and fertile,NA,tender,16,16-30,7,55-80,NA,NA,NA,pods are picked when mature and then dried.,they are not frost hardy and need sunshine and warm soil to flourish. beans will not germinate if the soil temperatures are below 10°c.,55,80,67.5,7,7,7,16,16,16,16,30,23
beta vulgaris,beetroot,umbelliferae,full sun/partial shade,medium,6,7.5,medium,loamy,NA,half hardy,30,10-30,4,55-80,"packed with antioxidants, carbohydrates, potassium and folic acid.",0,NA,"grown for both the root and the leaves. the root is normally boiled then pickled, but if harvested young they can be used raw. the leaves can be eaten raw or cooked, but excessive harvesting can reduce the yield of the tape root.","beetroot will grow in well-drained, loose, fertile soil, with plenty of well rotted organic matter added. beetroot is one of the few root crops that can be grown from transplants.",55,80,67.5,4,4,4,30,30,30,10,30,20
brassica rapa (chinensis group),bok choy,brassica,full sun,high,6.5,7,low,loamy,NA,tender,13-24,10-24,6-10,45-60,NA,NA,NA,the stalks are crisp and the leaves are smooth and tender with a flavour somewhere between cabbage and chard. it can be used raw or cooked.,"bok choy can handle full sun, but it grows best in partial shade. it needs about 3 - 5 hours of sun each day and can be harvested in 45 - 60 days. it tolerates light frost, but exposure to cold temperatures in spring can trigger early bolting.",45,60,52.5,6,10,8,13,24,18.5,10,24,17
brassica oleracea,cabbage (autumn red),brassica,full sun,high,6,7.5,high,sand/loam/clay,biennial,hardy,26,7-30,4,60-110,NA,NA,NA,"also known as headed cabbage, grown for it's tightly packed leaves. there are many difference varieties that also vary in flavour. can be eaten raw or cooked.",cabbage is a cool-season crop best planted in early spring or mid to late summer. they need a sunny site and firm soil. with a little planning it is possible to pick them fresh nearly every day of the year.,60,110,85,4,4,4,26,26,26,7,30,18.5
brassica oleracea,cabbage (autumn),brassica,full sun,high,6,7.5,high,sand/loam/clay,biennial,hardy,26,7-30,4,60-110,NA,NA,NA,"also known as headed cabbage, grown for it's tightly packed leaves. there are many difference varieties that also vary in flavour. can be eaten raw or cooked.",cabbage is a cool-season crop best planted in early spring or mid to late summer. they need a sunny site and firm soil. with a little planning it is possible to pick them fresh nearly every day of the year.,60,110,85,4,4,4,26,26,26,7,30,18.5
brassica rapa (chinensis group),cabbage (chinese),brassica,full sun,high,6,7.5,high,loamy,NA,tender,13-24,10-24,6-10,45-60,NA,NA,NA,also know as napa cabbage and is a close relation to pak choi. this plant has crinkly pal green leaves that grown in a tight oval shaped head. can be eaten raw or cooked.,"chinese cabbage can handle full sun, but it grows best in partial shade. it needs about 3 - 5 hours of sun each day and can be harvested in 45 - 60 days. it tolerates light frost, but exposure to cold temperatures in spring can trigger early bolting.",45,60,52.5,6,10,8,13,24,18.5,10,24,17
brassica oleracea,cabbage (spring red),brassica,full sun,high,6,7.5,high,sand/loam/clay,biennial,hardy,26,7-30,4,60-110,NA,NA,NA,"also known as headed cabbage, grown for it's tightly packed leaves. there are many difference varieties that also vary in flavour. can be eaten raw or cooked.",cabbage is a cool-season crop best planted in early spring or mid to late summer. they need a sunny site and firm soil. with a little planning it is possible to pick them fresh nearly every day of the year.,60,110,85,4,4,4,26,26,26,7,30,18.5
brassica oleracea,cabbage (summer red),brassica,full sun,high,6,7.5,high,sand/loam/clay,biennial,hardy,26,7-30,4,60-110,NA,NA,NA,"also known as headed cabbage, grown for it's tightly packed leaves. there are many difference varieties that also vary in flavour. can be eaten raw or cooked.",cabbage is a cool-season crop best planted in early spring or mid to late summer. they need a sunny site and firm soil. with a little planning it is possible to pick them fresh nearly every day of the year.,60,110,85,4,4,4,26,26,26,7,30,18.5
brassica oleracea,cabbage (summer),brassica,full sun,high,6,7.5,high,sand/loam/clay,biennial,hardy,26,7-30,4,60-110,NA,NA,NA,"also known as headed cabbage, grown for it's tightly packed leaves. there are many difference varieties that also vary in flavour. can be eaten raw or cooked.",cabbage is a cool-season crop best planted in early spring or mid to late summer. they need a sunny site and firm soil. with a little planning it is possible to pick them fresh nearly every day of the year.,60,110,85,4,4,4,26,26,26,7,30,18.5
brassica oleracea,calabrese,brassica,partial shade,medium,6,7,high,loamy and sandy,NA,tender,24,7-30,7,55-85,NA,NA,NA,"often described as broccoli, calabrese has one large head, but does produce smaller ones after the main head is harvested.",this cool-season crop grows best when daytime temperatures are in the high teens °c .,55,85,70,7,7,7,24,24,24,7,30,18.5
daucus carota,carrot,umbelliferae,full sun/partial shade,high,5.5,7,low,loamy and sandy,biennial,hardy,26,7-30,4,60-80,NA,NA,NA,"the swollen taproot of this fast growing plant can be eaten raw or cooked. normally orange, but varieties range from white to black.","best grown in light, fertile soil in a sunny position. heavy or stony soils can cause stunted or forked carrots. they like hot weather and are drought resistant, seldom needing water. however if foliage starts wilt, give a thorough soaking of water.",60,80,70,4,4,4,26,26,26,7,30,18.5
apium graveolens (var. rapaceum),celeriac,umbelliferae,full sun,high,5.5,6.5,medium,not specified,NA,hardy,21-24,15-18,11,90-120,NA,NA,NA,"also called turnip-rooted celery. the whole plant can eaten. however, it is usually grown for its knobbly, odd-shaped root, which has a celery-like flavour. it can be eaten raw or cooked.","celeriac is hardier and more disease resistant than its relative celery. it is a moisture-loving plant that needs fertile, organic rich, moisture retentive soil. keep the soil constantly moist – it should never be allowed to dry out.",90,120,105,11,11,11,21,24,22.5,15,18,16.5
capsicum annuum (longum group),chilli pepper,solanaceae,full sun,medium,7,8.5,high,loamy and sandy,NA,tender,30,17-,10,60-90,NA,NA,NA,"the fruit, the chilli peppers, vary wildly in size, shape and colour, they are green to start with and ripen to a rich red but they can also be orange, yellow, purple or brown. chillies are used to add heat to dishes and can be eaten cooked or raw.","chilli plants love heat, and require 30°c or more for the fruit to ripen with night temperatures not general dropping below 15°c. they grow best in rich and free draining soil, but will grow in any reasonably fertile soil.",60,90,75,10,10,10,30,30,30,17,17,17
allium schoenoprasum,chives,allium,full sun/partial shade/full shade,medium,6,7.5,low,"sandy, clay and peat-rich soil",NA,hardy,21,4-30,10,continual,NA,NA,NA,"a member of the onion family. chives take up very little space. the bulbs can be eaten as mild onions, the leaves are great in salads and as flavouring, and the flower heads add a splash of colour to any dish.","chives are perennial plants that do best in moisture retentive, well-drained soil. they prefer well-dug soil with the addition of well-rotted compost or organic material. however, they will grow in almost any soil and are fairly tolerant of drought.",NA,NA,NA,10,10,10,21,21,21,4,30,17
lepidium sativum,cress,miscellaneous,full sun/partial shade/full shade,medium,6,7,low,not specified,NA,tender,10-18,10-18,5,7-11,NA,NA,NA,"you can use entire seedlings for micro greens. however, when allowed to grow on to produce mature leaves, they can be used raw in salads.","cress is a cool season annual. it grows well in loose soil with a sunny location and. cress prefers a consistently moist soil, and thrives in hydroponics.",7,11,9,5,5,5,10,18,14,10,18,14
cichorium endivia,endive,miscellaneous,full sun/partial shade,medium,6,7,low,not specified,NA,half hardy,21,10-25,6,70-85,"rich in many vitamins and minerals, especially in folate and vitamins a and k and is high in fibre. it is used in salads, soups and sautéed",0,NA,a salad green similar to lettuce but stronger in flavour. it is commonly blanched before harvesting to give it a paler appearance and a milder flavour. it grows from a large rosette of light-green leaves in the centre that become dark towards outer edges.,"endive is a cool-season biennial grown as annuals. they prefer soils that are light, rich and free draining, but any soil can be used as long as it is not waterlogged. extender periods of temperatures less than 5°c or dry soil can cause ‘bolting’",70,85,77.5,6,6,6,21,21,21,10,25,17.5
foeniculum vulgare,fennel,umbelliferae,full sun,medium,6,7,high,not specified,NA,hardy,21,15-30,7,80-,NA,NA,NA,"the whole plant is used for it’s aromatic, slightly sweet, and slightly spicy anise flavour. the swollen leaf bases, the crispy stems and the delicate fonds for are used garnish. the blossoms are also highly prized for their pollen.","fennel can be grown either as an annual for its swollen leaf bases or ‘bulbs’ and edible leaves. or as an perennial herb for its leaves and seeds. once established it is a drought tolerant and prefers a sunny spot in light, free-draining soil.",80,80,80,7,7,7,21,21,21,15,30,22.5
allium sativum,garlic,allium,full sun/partial shade,medium,5.5,7.5,low,loamy,NA,very hardy,NA,NA,NA,70-,NA,NA,NA,the bulb of the garlic plant has a very strong flavour. it is usually used cooked in small quantities as a flavouring.,"garlic is best planted between november and april and prefers a position in full sun with a well drained, light soil.",70,70,70,NA,NA,NA,NA,NA,NA,NA,NA,NA
zingiber officinale,ginger,miscellaneous,partial shade,high,5,6,medium,not specified,NA,tender,NA,NA,NA,240-,NA,NA,NA,"this flowering plant is a herbaceous perennial grown for the rhizome, or root, which has a hot and fragrant flavour. it has many uses from flavouring dishes to made into candy.","in warm climates it can be grown outdoors, chooses deep, enriched, sandy loam soil with part-day shade. in cooler climates, grow ginger in containers placed in sun, and move to partial shade during summer heat waves.",240,240,240,NA,NA,NA,NA,NA,NA,NA,NA,NA
brassica oleracea (gongylodes group),kohlrabi,brassica,full sun/partial shade,medium,6,7.5,medium,not specified,NA,very hardy,26,NA,4,70-80,NA,NA,NA,"also know and the ""turnip cabbage"", the swollen stem has a sweet flavour and crunchy texture.","this odd looking brassica it is more drought resistant than most brassicas, and succeeds where swedes and turnips fail. it does not need a deep soil, as it is the stem that grows into a bulb. provide soil that is free-draining but moisture retentive.",70,80,75,4,4,4,26,26,26,NA,NA,NA
allium ampeloprasum,leek,allium,full sun/partial shade,medium,6.5,7.5,medium,not specified,NA,very hardy,21,NA,7,85-150,NA,NA,NA,"a member of the onion family that produces a long cylinder of leaves. often blanched by placing soil round the stems as they grow, to keep the lower part of the leaves white.","leeks are very hardy vegetables that grow best on a moist, light soil that’s had plenty of organic matter added to it. grow leeks in a sunny, open position in well-dug soil.",85,150,117.5,7,7,7,21,21,21,NA,NA,NA
valerianella locusta,lettuce (lambs/corn salad),miscellaneous,full sun,high,6,7,medium,loamy,NA,tender,13,4-27,7,30-60,NA,NA,NA,"a small annual plant who’s leaves are eaten raw as salad greens. it has a characteristic nutty flavour, dark green colour, and a soft texture.","corn salad grows best on fertilizer remaining in the bed after summer crops have been harvested, but will grow vigorously in almost any soil. it is a hardy survivor and will be bountiful in the early spring.",30,60,45,7,7,7,13,13,13,4,27,15.5
lactuca sativa,lettuce (loose leaf),miscellaneous,partial shade,high,6,7,medium,loamy,NA,tender,24,4-27,NA,60-,NA,NA,NA,the crisp leaves of lettuce are used in salads. there is no tight head in these varieties and for this reason are more perishable.,"grow lettuces in full sun on moisture-retentive soil, by choosing the right varieties and you can have lettuce almost all year round. high soil temperatures in summer can prevent some cultivars from germinating.",60,60,60,NA,NA,NA,24,24,24,4,27,15.5
claytonia perfoliata,winter purslane (miners lettuce),miscellaneous,full sun/partial shade,high,6,7,medium,not specified,NA,very hardy,10,4-27,NA,60-,NA,NA,NA,these succulent and juicy leaves are on of the hardiest salad leaves and can be grown all year round.,"plants do best in a slightly shaded position, protected from harsh hot weather. keep soil moist during dry periods, and can tolerate frost. this plant is a prolific self seeder, and can tolerate low fertility.",60,60,60,NA,NA,NA,10,10,10,4,27,15.5
pisum sativum (var. macrocarpon),mangetout,legume,full sun/partial shade,medium,6,7,medium,loamy,NA,half hardy,11,4-24,6,50-170,NA,NA,NA,a flat podded variety of pea eaten whole while the peas within are still small.,require a sunny position with well drained rich soil. provide something for plants to climb up.,50,170,110,6,6,6,11,11,11,4,24,14
cucurbita pepo,marrow,cucurbit,full sun,medium,6,7.5,high,not specified,NA,tender,21,NA,7,85-90,NA,NA,NA,the mature fruit of the courgette.,"easy to grow and will crop prolifically. they require the soil to be constantly moist, but water round the plant not over them.",85,90,87.5,7,7,7,21,21,21,NA,NA,NA
brassica juncea (var. japonica),mizuna,brassica,full sun/partial shade,high,6.5,7,high,not specified,NA,hardy,NA,NA,NA,21-50,NA,NA,NA,a finely desiccated leaf with a peppery flavour. used in salads or stir-frys.,"prefer to be grown on rich, loamy soils with high water retention. grow in and open sunny position with some shade as this plant dislikes extreme heat.",21,50,35.5,NA,NA,NA,NA,NA,NA,NA,NA,NA
brassicaceae sinapis alba,mustard,brassica,full sun/partial shade,medium,6,7.5,medium,not specified,NA,hardy,NA,NA,NA,30-50,NA,NA,NA,"grown for the round hard seeds, but the leaves can also be eaten prior to flowering. in warm weather the taste is stronger.","easy to grow as not only do these thrive in cool weather, but they are also heat tolerant. can also be grown as a green manure in in late summer.",30,50,40,NA,NA,NA,NA,NA,NA,NA,NA,NA
abelmoschus esculentus,okra,miscellaneous,full sun,high,6,7.5,medium,loamy,NA,tender,35,NA,6,50-60,NA,NA,NA,"a tapering seed pod which produces a sticky, viscous liquid when cooked which thickens soups and sauces. widely used in indian and caribbean dishes, or whole as a side dish.","okra likes well drained soil warm weather and full sun, seed pods are best picked a week after pollination while still tender. soak seeds overnight before planting.",50,60,55,6,6,6,35,35,35,NA,NA,NA
allium cepa,onion,allium,full sun/partial shade,medium,6,7,medium,"loamy, clay and sandy",NA,hardy,24,10-35,6,90-130,NA,NA,NA,onion is a multi layered bulb which has a sharp pungent flavour. used raw in salad or cooked to add flavour to dishes.,"onions can be grown from either seed or a set (small bulb). they are easy to grow and can be planted in the spring, or autumn in most soil types.",90,130,110,6,6,6,24,24,24,10,35,22.5
allium cepa,onion (autumn planted),allium,full sun/partial shade,medium,6,7,medium,"loamy, clay and sandy",NA,hardy,24,NA,6,90-130,NA,NA,NA,onion is a multi layered bulb which has a sharp pungent flavour. used raw in salad or cooked to add flavour to dishes.,"onions can be grown from either seed or a set (small bulb). they are easy to grow and can be planted in the spring, or autumn in most soil types.",90,130,110,6,6,6,24,24,24,NA,NA,NA
allium fistulosum,onions (perennial),allium,full sun/partial shade,medium,6,7,low,loamy and sandy,NA,very hardy,24,NA,6,60 -,NA,NA,NA,"these plants don’t develop bulbs, but have hollow leaves with the distinctive taste of onion. seeds can also be used as sprouts.","easy to grow, and only require watering when dry, and feed occasionally. will grow in most climates.",60,60,60,6,6,6,24,24,24,NA,NA,NA
allium cepa,onions (red),allium,full sun/partial shade,medium,6,7,medium,"loamy, clay and sandy",NA,very hardy,24,NA,6,90-130,NA,NA,NA,onion is a multi layered bulb which has a sharp pungent flavour. used raw in salad or cooked to add flavour to dishes.,"onions can be grown from either seed or a set (small bulb). they are easy to grow and can be planted in the spring, or autumn in most soil types.",90,130,110,6,6,6,24,24,24,NA,NA,NA
pastinaca sativa,parsnip,umbelliferae,full sun/partial shade,medium,5.5,7.5,low,not specified,NA,half hardy,18,10-21,14,80-120,NA,NA,NA,"closely related to the carrot, and grown for it's swollen root. becomes sweeter after a frost.","will grow in most soils, but do best in light rich soils which are stone free.",80,120,100,14,14,14,18,18,18,10,21,15.5
capsicum annuum (grossum group),bell pepper,solanaceae,full sun/partial shade,medium,5.5,7,high,loamy and silty,NA,tender,30,17-35,8,60-80,NA,31,NA,"bell or sweet peppers come in many different colours, sizes and flavours. they are all categorized by their rating on the scoville scale - the standard for describing hotness. sweet peppers have a rating or 0 or 1 and placed in the grossum group.","sweet pepper grows as an annual in well drained soil, but be sure to maintain adequate moisture either with mulch or plastic covering. they are also heat sensitive (above 30ºc), so mulching during the summer months helps keep the soil temperature down.",60,80,70,8,8,8,30,30,30,17,35,26
solanum tuberosum,potatoes (early),solanaceae,full sun,medium,4.5,6,low,"well-drained, fertile and high in organic matter. loamy and clay",NA,tender,NA,7-26,NA,90-115,NA,NA,NA,"a versatile tuber which is high in starch and a staple ingredient in many meals. comes in many different varieties, with different cooking properties. some suited to frying, others to boiling.",plant once soil temperatures are above 7°c. potatoes are planted in ridges with the soil drawn up round the stems to protect the swelling tubers from sunlight.,90,115,102.5,NA,NA,NA,NA,NA,NA,7,26,16.5
solanum tuberosum,potatoes (main crop),solanaceae,full sun,medium,4.5,6,low,"well-drained, fertile and high in organic matter. loamy and clay",NA,tender,NA,7-26,NA,100-115,NA,NA,NA,"a versatile tuber which is high in starch and a staple ingredient in many meals. comes in many different varieties, with different cooking properties. some suited to frying, others to boiling.",plant once soil temperatures are above 7°c. potatoes are planted in ridges with the soil drawn up round the stems to protect the swelling tubers from sunlight.,100,115,107.5,NA,NA,NA,NA,NA,NA,7,26,16.5
portulaca oleracea,purslane,miscellaneous,full sun/partial shade,low,5.5,7,low,"loamy, sandy and silty",NA,hardy,32,NA,NA,40-100,NA,NA,NA,"purslane is an annual succulent that is eaten either fresh as a salad, or cooked similar to spinach. its flavour is slightly sour and salty.","purslane is a fast-growing annual with succulent leaves and stems, often considered a weed. will grow in any soil, and does best in warm weather with regular water.",40,100,70,NA,NA,NA,32,32,32,NA,NA,NA
chenopodium quinoa,quinoa,miscellaneous,full sun,low,6,7,low,"well-drained, fertile and loamy",NA,tender,18-24,15-20,4,90-120,NA,NA,NA,"mainly grown for it's seeds which are cooked like rice. the outer coating of the seed is bitter in taste and requires removing. quinoa is also gluten free, and high in protein.","quinoa is a cool season crop that requires full sun. described as disease-free and drought-tolerant, they thrive in rich and well drained soil. once established, they produce abundant harvests under dry conditions.",90,120,105,4,4,4,18,24,21,15,20,17.5
raphanus raphanistrum (subsp. sativus),radish,brassica,full sun/partial shade,medium,6,7,low,"loamy, clay and sandy",NA,half hardy,30,NA,4,25-50,NA,NA,NA,this swollen root is a crunchy salad vegetable with a sharp sweet flavour.,"a cool season crop which is fast to mature and easy to grow. requires full sun and moisture. can be grown as a 'catch crop' between rows of slower maturing vegetables, or as a row marker in slow to germinate crops.",25,50,37.5,4,4,4,30,30,30,NA,NA,NA
rheum rhabarbarum,rhubarb,miscellaneous,full sun/partial shade,medium,5.5,7,low,not specified,perennial,hardy,21,24,7,x,NA,NA,NA,"the crisp sharp flavoured stalks of this perennial can be eaten raw, but normally cooked with sugar and prepared similar to fruit. the large leaves are not eaten as they contain oxalic acid that can cause poisoning.",rhubarb prefers an open sunny site with well drained soil. do not allow the crowns to be covered as they are prone to rotting.,NA,NA,NA,7,7,7,21,21,21,24,24,24
brassicaceae eruca sativa,rocket,brassica,full sun/partial shade,medium,6,7,low,not specified,NA,half hardy,18-22,NA,6,40-90,NA,NA,NA,an edible herb which is used as a leafy salad vegetable. also used in cooking due to it's strong peppery flavour.,"plants prefer some shade to keep the leaves tender, and keeping the soil moist and the plants growing will prevent them going to seed. can be sown throughout the spring and summer for continual cropping.",40,90,65,6,6,6,18,22,20,NA,NA,NA
tragopogon porrifolius,salsify,miscellaneous,full sun,medium,6,7.5,low,loamy and sandy,NA,half hardy,21,NA,6,120-,NA,NA,NA,"used in a similar way to other root vegetables (mashed, boiled or roasted). this creamy fleshed taproot with its oyster like taste makes a welcome change.",an easy slow growing cool weather plant that likes loose rich soil. the edible roots will become fibrous if watering is not even and adequate.,120,120,120,6,6,6,21,21,21,NA,NA,NA
scorzonera hispanica,scorzonera (black salsify),miscellaneous,full sun,medium,6,7,low,loamy and sandy,NA,hardy,21,NA,6,120-,NA,NA,NA,"used in a similar way to other root vegetables (mashed, boiled or roasted). this creamy fleshed taproot with its oyster like taste makes a welcome change.",an easy slow growing cool weather plant that likes loose rich soil. the edible roots will become fibrous if watering is not even and adequate.,120,120,120,6,6,6,21,21,21,NA,NA,NA
allium cepa (var. aggregatum),shallots,allium,full sun,medium,6,7,low,loamy,NA,very hardy,24,NA,21,90-,NA,NA,NA,"similar to onions, but are smaller and grow in clumps.","easy to grow and will do well in any well-drained fertile soil. they do not require much attention, but will need a long growing period and a sunny position. water when weather is dry, and remove flowers as soon as possible.",90,90,90,21,21,21,24,24,24,NA,NA,NA
rumex acetosa,sorrel,miscellaneous,full sun/partial shade,medium,5.5,7,medium,well drained,NA,very hardy,20,NA,7,60-,NA,NA,NA,"sorrel is a sour tasting leafy herb used raw in salads, or used as a herb in cooking.","this perennial plant grows well in a lightly shaded spot, do not allow to dry out. established plants can be divided.",60,60,60,7,7,7,20,20,20,NA,NA,NA
glycine max,soybean,legume,full sun,medium,6,7,medium,not specified,NA,half hardy,24,NA,NA,90-100,NA,NA,NA,"when to harvest soybean will depend on how you want use the crop. when green they can be cooked and used as vegetables, when the mature and turn brown they can be harvested and stored dry.",soya is a warm climate plant requiring temperatures of 20-30°c over the growing season. they will also require space as they can grow up to 1.2m high.,90,100,95,NA,NA,NA,24,24,24,NA,NA,NA
spinacia oleracea,spinach,chenopodiaceae,full sun/partial shade,medium,6,7.5,medium,loamy,NA,half hardy,21,NA,5,50-65,NA,NA,NA,the green leafs of the spinach plant can be eater raw in salads or cooked as a side dish or as an ingredient for cooking.,prefers a sunny or slightly shaded plot with moisture retentive soil. plants will need 30cm spacing and feeding with high nitrogen fertiliser ever 2 weeks.,50,65,57.5,5,5,5,21,21,21,NA,NA,NA
tetragonia tetragonioides,spinach (new zealand),miscellaneous,full sun/partial shade,medium,6.5,7,low,not specified,NA,tender,NA,15-24,10-20,55-65,NA,NA,NA,"used in the same way as spinach, but the leaves are smaller.",prefers warmer weather than regular spinach. although drought resistant retaining soil moisture maintains full growth potential.,55,65,60,10,20,15,NA,NA,NA,15,24,19.5
beta vulgaris (subsp.cicla),spinach (perpetual),chenopodiaceae,full sun/partial shade,medium,6,7,low,not specified,NA,very hardy,30,NA,4,30-45,NA,NA,NA,"used in the same way as spinach, but will tolerate dryer conditions and not run to seed.","easier to grow and more vigorous than true spinach. it likes well worked well drained soil with a high organic content, but will still do well in shadier areas with poor soil.",30,45,37.5,4,4,4,30,30,30,NA,NA,NA
allium cepa (var. aggregatum),spring onion / scallions,allium,full sun/partial shade,medium,6,7,low,not specified,NA,very hardy,24,NA,6,60-,NA,NA,NA,spring onion have a mild flavour ideal for using in salads or in dishes where onion would be overpowering.,"can be sown directly where they are to be grown, but ensure the plot has not been freshly manured. keep well watered.",60,60,60,6,6,6,24,24,24,NA,NA,NA
cucurbita pepo,squash (summer),cucurbit,full sun,medium,6,7,high,loamy,NA,tender,35,10-32,4,45-75,NA,NA,NA,"summer squashes are harvested when immature and the outer skin is still soft and edible. unlike winter squash, these do not store well.","summer squash likes a sunny, sheltered position in a soil that is humus rich and moisture retentive. they will require a large area to spread (120cm) and not compete with other plants.",45,75,60,4,4,4,35,35,35,10,32,21
cucurbita maxima,squash (winter),cucurbit,full sun,medium,5.5,7,high,not specified,NA,tender,35,10-32,5,85-120,NA,NA,NA,these vegetables have solid orange flesh that is ideal for many methods of cooking. they also store well.,"winter squash likes a sunny, sheltered position in a soil that is humus rich and moisture retentive. they will require a large area to spread (120cm) and not compete with other plants.",85,120,102.5,5,5,5,35,35,35,10,32,21
brassica napus,swede / rutabaga,brassica,full sun/partial shade,medium,5.5,7,low,not specified,NA,hardy,26,NA,4,80-100,NA,NA,NA,the yellow flesh of the swede is sweeter and milder than the turnip and is traditionally served mashed with potato and haggis in scotland.,this frost tolerant hardy plant is easy to grow and thrives in most soil types. it can be left in the ground over winter and harvested as required.,80,100,90,4,4,4,26,26,26,NA,NA,NA
ipomoea batatas,sweet potato,miscellaneous,full sun,medium,5.5,6,medium,"loamy, sandy and silty",NA,half hardy,NA,21-26,NA,100-125,NA,NA,NA,"a starchy sweet tasting root vegetable that is best backed, roasted or mashed.",sweet potatoes are grown from 'slips' which must be hydrated in water before planting. they need full sun and high temperatures to provide good yields.,100,125,112.5,NA,NA,NA,NA,NA,NA,21,26,23.5
zea mayvar. saccharata,sweetcorn,miscellaneous,full sun,high,6,7,low,loamy and clay,NA,tender,30,16-35,3,70-100,NA,NA,NA,"sweet corn is a variety of maize which is high in sugar and harvested while immature, at this stage it is considered a vegetable and used cooked. at this stage of maturity it does not store well so should be eaten fresh.","sweet corn is most successful in long hot summers. as they are wind pollinated they should be grown in blocks not rows. prefers moist well fertilised soil . corn is ready when the tassels turn brown, and the juice from the kernels is milky.",70,100,85,3,3,3,30,30,30,16,35,25.5
beta vulgari (subsp. vulgaris),swiss chard,chenopodiaceae,full sun/partial shade,medium,6,7.5,low,loamy and clay,NA,very hardy,30,NA,4,50-60,NA,NA,NA,swiss chard is leafy green vegetable. often the stalk is separated from the leaf and prepared separately.,grows best in a sunny position in rich soil that is free draining and moisture retentive. one sowing will provide a crop that will last many months.,50,60,55,4,4,4,30,30,30,NA,NA,NA
brassica rapa (subsp. narinosa),tatsoi,brassica,full sun,medium,6,7.5,medium,loamy soil,NA,very hardy,NA,NA,4,45-60,NA,NA,NA,"these small, spoon-shaped leaves look similar to spinach only grow to a few cms high. they have a mild mustard-like flavour and are used raw in salads or cooked.","a low growing annual, tatsoi plants thrive in cool weather, and tolerates light frost which can trigger bolting if exposed in spring, but later can improve tatsoi's flavour, and can be harvested out from under a snowfall.",45,60,52.5,4,4,4,NA,NA,NA,NA,NA,NA
solanum lycopersicum (var. cerasiforme),tomato (cherry),solanum,full sun,medium,5.5,7.5,high,loamy soil,NA,tender,26,16-30,6,65-85,NA,NA,NA,"the tomato is one of the most versatile fruit. eaten raw in salads, the base of many sauces. it comes in many sizes from small cherry, to large frit that fill your hand.","tomatoes are not hardy, so don’t expose the plants to frost, cold winds and draughts. seedlings are best kept at 18°c. they require a lot of watering and are hungry plant.",65,85,75,6,6,6,26,26,26,16,30,23
solanum lycopersicum,tomato (regular),solanum,full sun,medium,5.5,7.5,high,loamy,NA,tender,26,16-30,6,65-85,NA,NA,NA,"the tomato is one of the most versatile fruit. eaten raw in salads, the base of many sauces. it comes in many sizes from small cherry, to large frit that fill your hand.","tomatoes are not hardy, so don’t expose the plants to frost, cold winds and draughts. seedlings are best kept at 18°c. they require a lot of watering and are hungry plant.",65,85,75,6,6,6,26,26,26,16,30,23
vicia faba,winter field beans,legume,full sun,very low,6,7,medium,not specified,NA,hardy,10,NA,NA,90-180,NA,NA,NA,"winter beans are an incredibly generous green manure, providing a very cost-effective means of giving your soil a boost.",sown in autumn they can also limit the effect of rain on otherwise bare soil. a cool-season annual that can tolerate heavy frost.,90,180,135,NA,NA,NA,10,10,10,NA,NA,NA
pisum sativum (subsp. arvense (l.) asch),winter peas,legume,full sun,low,6,7,medium,not specified,NA,very hardy,NA,NA,NA,NA,NA,NA,NA,"field peas are an incredibly generous green manure, providing a very cost-effective means of giving your soil a boost.","sown in autumn they can also limit the effect of rain on otherwise bare soil. a cool-season annual, that can tolerate heavy frost.",NA,NA,NA,NA,NA,NA,NA,NA,NA,NA,NA,NA
ocimum basilicum,basil,lamiaceae,full sun,high,5.5,6.5,low,"loam, sand",NA,very tender,NA,NA,NA,NA,NA,NA,NA,"a fragrant, easy to grow warm weather leafy herb, that used extensively in italian dishes.","for best results plant outside once soil is over 20oc. basil likes moisture, so mulching in hot weather will help retain moisture. remove flowers as they appear to keep plants productive.",NA,NA,NA,NA,NA,NA,NA,NA,NA,NA,NA,NA
laurus nobilis,bay,miscellaneous,full sun,low,5.5,6.5,low,"chalk, clay, sand, loam",NA,hardy,NA,NA,NA,NA,NA,NA,NA,the fragrant leaves of this evergreen tree or shrub are used as a seasoning.,"an attractive and ornamental plant with fragrant leaves, best planted once all danger of frost has passed.",NA,NA,NA,NA,NA,NA,NA,NA,NA,NA,NA,NA
borago officinalis,borage,miscellaneous,full sun,medium,5.5,6.5,low,"chalk, clay, sand, loam",NA,hardy,NA,NA,NA,NA,NA,NA,NA,a fast growing annual that produces star shaped blue flowers. the leaves are used to made a hot water infusion.,an easy to grow annual that will thrive in poor soil. it requires a sunny spot and regular watering.,NA,NA,NA,NA,NA,NA,NA,NA,NA,NA,NA,NA
capsicum chinense,bonnet pepper,solanaceae,full sun,medium,7,8.5,medium,rich moist soil,NA,tender,NA,NA,NA,NA,NA,NA,NA,a chili pepper with a very high scoville heat unit score.,"resistant to high temperatures. they like high temperatures with lots of light, and are easily damaged by cold spells of weather.",NA,NA,NA,NA,NA,NA,NA,NA,NA,NA,NA,NA
matricaria recutita,chamomile (german chamomile),miscellaneous,full sun/partial shade,low,5.5,7.5,low,"loam, chalk, sand",NA,hardy,NA,NA,NA,NA,NA,NA,NA,the dried flowers of the chamomile plant contain many terpenoids and flavonoids contributing to the many benefits that it's claimed to help with.,"this upright annual grows best in partial shade, and like most herbs, does best when it is not fertilised or watered too often.",NA,NA,NA,NA,NA,NA,NA,NA,NA,NA,NA,NA
prunus dulcis,almond,miscellaneous,full sun,medium,6,7,medium,sandy loam,perennial,tender,not applicable.,NA,not applicable.,not applicable.,NA,NA,suseptable to spring frosts.,"almond trees have been cultivated for 1000's of years, their fruits are used for making baked goods, confectionary and oil.","few varieties are self fertile, so require two or more trees for cross pollination and fruit production. they prefer dry hot summers and mild wet winters. can take up to 8 years to fruit, and will live over 50 years.",NA,NA,NA,NA,NA,NA,NA,NA,NA,NA,NA,NA
malus,apple,miscellaneous,full sun,medium,6,7.5,medium,loamy,perennial,hardy,not applicable.,NA,not applicable.,not applicable.,NA,NA,NA,"a sweet edible fruit which is eaten raw, cooked or juiced. the most widely cultivated fruit tree world wide, with a vast range of tree sizes.","there are thousands of difference varieties that generally fall in to either cooking apples, or dessert apples (for eating). require little care, but ""chill hours"" are required to set fruit. more than one tree is needed to allow cross pollination.",NA,NA,NA,NA,NA,NA,NA,NA,NA,NA,NA,NA
prunus armeniaca,apricot,miscellaneous,full sun,medium,6.5,8,medium,not specified,perennial,hardy,not applicable.,NA,not applicable.,not applicable.,NA,NA,"new varieties can be grown in cooler climates, but the blossem must be protected from frost over night.","a relative of the plum, nectarine and peach. the fruit from these trees range in colour from pale yellow to dark orange. they have a soft velvety skin, and soft flesh covering a large kernel.","in warmer climates trees can be freestanding. in cooler climates they are best grown on a warm, sheltered, south facing wall.",NA,NA,NA,NA,NA,NA,NA,NA,NA,NA,NA,NA
rubus fruticosus agg.,blackberry,miscellaneous,full sun,medium,6,7,low,sandy,perennial,very hardy,not applicable.,NA,not applicable.,not applicable.,NA,NA,NA,"also known as a bramble, the dark almost black fruits comprise of juice filled sweet drouplets. they are traditionally grown along wires, but can also be trained to cover arches and trellis.","blackberries are vigorous growers and require regular pruning. however as the fruit is produced on last years growth, only prune back the canes once fruiting is finished, then tie back the new canes for next year.",NA,NA,NA,NA,NA,NA,NA,NA,NA,NA,NA,NA
ribes nigrum,blackcurrant,miscellaneous,full sun,medium,6,7,medium,not specified,perennial,very hardy,not applicable.,NA,not applicable.,not applicable.,NA,NA,NA,"blackcurrants are woody shrubs that produce fruits high in vitamin c. they can be eaten raw, but are normally used for jams, or as an ingredient in both sweet and savoury dishes. most blackcurrsts grown commetially are used for making juice.","fruit is produced on new growth, so old wood or weak shoots should be removed during dormancy. they are easy to grow, but prefer well drained soil in full sun.",NA,NA,NA,NA,NA,NA,NA,NA,NA,NA,NA,NA
vaccinium corymbosum,blueberry,miscellaneous,full sun,medium,5,6,medium,not specified,perennial,hardy,not applicable.,NA,not applicable.,not applicable.,NA,NA,NA,"regarded as a super fruit, these ornamental shrubs produce large quantities of fruit once established. the fruit is sweet and varies in size from 5mm to 16mm.","requires a soil ph of 5.5 or lower. these shrubs require an acidic soil, and will not grow well in the wrong type of soil. they also crop better when planted with another variety.",NA,NA,NA,NA,NA,NA,NA,NA,NA,NA,NA,NA
prunus avium,cherry,miscellaneous,full sun,medium,6,7,medium,not specified,perennial,hardy,not applicable.,NA,not applicable.,not applicable.,NA,NA,NA,"as a member of the genus prunus, it is a fleshy stoned fruit. cherries range in colour from a light red to deep purple. the sweet varieties are used fresh, cooked, and for juice, while the smaller sour varieties tend to be used for preserves.","most varieties are not self fertilising, so you will require 2 or 3 trees. they will take about 4 years to bear fruit and require deep, well drained soil.",NA,NA,NA,NA,NA,NA,NA,NA,NA,NA,NA,NA
vaccinium corymbosum,cranberry,miscellaneous,full sun/partial shade,high,5,6,medium,not specified,perennial,hardy,not applicable.,NA,not applicable.,not applicable.,NA,NA,NA,"these evergreen dwarf shrubs, or trailing vines, have slender wiry stems. the fruit are larger than the leaves, and are red when ripe. used for making juice, sauce and jam due to the acidic taste. cranberry sauce is traditionally served with turkey.","requires a soil ph of 5.5 or lower to thrive, and prefers to be very moist, boggy soil. can take up to 3 years to fruit, but can last for decades.",NA,NA,NA,NA,NA,NA,NA,NA,NA,NA,NA,NA
ficus carica,fig,miscellaneous,full sun/partial shade,medium,6,6.5,high,all soil types,perennial,hardy,not applicable.,NA,not applicable.,not applicable.,NA,NA,NA,"a small tree/large shrub that produces soft sweet fruit that can be used fresh, dried and preserved.","requires warmth and sun. they thrive in long hot summers, but can also be grown in containers allowing them to be moved indoors over winter.",NA,NA,NA,NA,NA,NA,NA,NA,NA,NA,NA,NA
ribes grossularia,gooseberry,miscellaneous,full sun,medium,6,7,medium,not specified,perennial,hardy,not applicable.,NA,not applicable.,not applicable.,NA,NA,NA,"an easy to grow soft fruit. the sometimes spiny, translucent fruits grow on small thorny bushes. the varieties range in colour from yellow through to black. some are quite tart and more suited to cooking and preserving.","gooseberries thrive in cold winters and warm summers, and can tolerate a shaded space. they prefer a well drained soil containing plenty natural nutrients in the form of well rotted organic matter.",NA,NA,NA,NA,NA,NA,NA,NA,NA,NA,NA,NA
vitis vinifera,grape,miscellaneous,full sun,medium,6,7,medium,not specified,perennial,hardy,not applicable.,NA,not applicable.,not applicable.,NA,NA,NA,this sweet versatile fruit grows in large clusters on a vine. they are predominantly grown for eating fresh and making wine.,"the vines like deep free draining soil, and plenty summer sunshine for the fruits to ripen. they require support to grow upwards.",NA,NA,NA,NA,NA,NA,NA,NA,NA,NA,NA,NA
corylus avellana,hazel,miscellaneous,full sun/partial shade,medium,6.5,7.5,medium,"loamy, sandy",perennial,hardy,not applicable.,NA,not applicable.,not applicable.,NA,NA,NA,"a small tree or shrub grown for it's hard shelled nuts. is suited to growing in a garden, producing pretty catkins in the spring and nuts in the autumn.","are best grown in temperate climates, as hazel trees cannot tolerate long dry seasons or high heat. in the correct climate they are an easy nut to grow, not taking up too much space. as they are wind pollinated, they prefer an open site.",NA,NA,NA,NA,NA,NA,NA,NA,NA,NA,NA,NA
humulus lupulus,hops,miscellaneous,full sun,medium,6.5,8,high,not specified,perennial,hardy,not applicable.,NA,not applicable.,not applicable.,NA,NA,NA,"hops are the flowers, or seed cones used to flavour beer. hey are ready for harvest when the cones feel papery and leave a yellow powder when touched. different varieties taste different, allowing brewers to create particular flavours and aromas.","although hops are easy to grow, they are day length sensitive and best grown between 35 and 55 degree latitudes. they require a period of winter chilling. prune all growth in late autumn to early winter.",NA,NA,NA,NA,NA,NA,NA,NA,NA,NA,NA,NA
actinidia callosa,kiwi,miscellaneous,full sun,medium,5.5,7,medium,not specified,perennial,hardy,not applicable.,NA,not applicable.,not applicable.,NA,NA,NA,"a deciduous climbing plant that's vigorous growth requires plenty of room. the fruits have a light brown textured skin, with lime green flesh on the inside. they are high in vitamin c and generally eaten raw.","young shoots are extremely vulnerable to frost damage and will require protection in the spring. in mild climates these can be grown in the open, in cooler climates they are best grown on a sheltered west or south facing wall.",NA,NA,NA,NA,NA,NA,NA,NA,NA,NA,NA,NA
citrus limon,lemon,miscellaneous,full sun,medium,5.5,7,medium,not specified,perennial,tender,not applicable.,NA,not applicable.,not applicable.,NA,NA,NA,"the lemon is an acidic fruit produced by a small evergreen tree. the yellow citrus fruits are native to asia, and are grown predominantly for their juice, and the rind (which the aromatic oils are extracted from).",all citrus trees require a mild climate and plenty of sun. at temperatures below13°c they will go into dormancy.,NA,NA,NA,NA,NA,NA,NA,NA,NA,NA,NA,NA
citrus aurantiifolia,lime,miscellaneous,full sun,medium,5.5,7,medium,not specified,perennial,tender,not applicable.,NA,not applicable.,not applicable.,NA,NA,NA,"a citrus fruit ideal for adding flavour to drinks. it is a hybrid fruit consisting of several species: persian lime, desert lime, kaffier lime and key lime (c. aurantifolia).","ensure that it is planted in well draining soil, as limes will not tolerate standing water, nor will they tolerate temperatures below 10°c.",NA,NA,NA,NA,NA,NA,NA,NA,NA,NA,NA,NA
rubus loganobaccus,loganberry,miscellaneous,full sun/partial shade,medium,5.5,7,medium,not specified,perennial,hardy,not applicable.,NA,not applicable.,not applicable.,NA,NA,NA,"a cross between a raspberry and a blackberry, producing a larger and darker fruit than the raspberry. a very sweet fruit which is ideal for eating raw , using in baking and preserving.","a vigorous plant that requires maintenance. the fruit is produced on last years growth. only prune back the canes once fruiting is finished, then tie back the new canes for next years fruit.",NA,NA,NA,NA,NA,NA,NA,NA,NA,NA,NA,NA
prunus persica var. nucipersica,nectarine,miscellaneous,full sun,medium,5.5,7,medium,not specified,perennial,hardy,not applicable.,NA,not applicable.,not applicable.,NA,NA,NA,"a smoothed skinned subspecies of the peach. the nectarine has soft sweet flesh that easily bruises. eaten fresh, cooked or preserved.","peach and nectarine trees require warmth and sun, as well as a chill period of 600-900 hours at less than 7°c. they are a semi-hardy, surviving in climates where temperatures drop to -20°c, but require warm summers to produce fruit.",NA,NA,NA,NA,NA,NA,NA,NA,NA,NA,NA,NA
citrus reticulata,orange,miscellaneous,full sun,medium,5.5,7,medium,not specified,perennial,tender,not applicable.,NA,not applicable.,not applicable.,NA,NA,NA,"a sweet citrus fruit grown for eating fresh, processing, and it's fragrant peel. a hybrid between a pomelo and a mandarin, it the most widely grown fruit tree in the world.","all citrus trees require a mild climate and plenty of sun. at temperatures of under 13 degrees celcius they will go into dormancy. they can take a few years to bear fruit, and during this time will require regular fertiliser to encourage growth.",NA,NA,NA,NA,NA,NA,NA,NA,NA,NA,NA,NA
prunus persica,peach,miscellaneous,full sun,medium,6,7,medium,not specified,perennial,hardy,not applicable.,NA,not applicable.,not applicable.,NA,NA,NA,"a native tree of china, grown for its soft fleshed fruit which contains a singe hard stone in the centre and thin fuzzy skin.","peach and nectarine trees require warmth and sun, as well as a chill period of 600-900 hours at less than 7°c. they are a semi-hardy, surviving in climates where temperatures drop to -20°c, but require warm summers to produce fruit.",NA,NA,NA,NA,NA,NA,NA,NA,NA,NA,NA,NA
pyrus communis,pear,miscellaneous,full sun,medium,6,7,medium,not specified,perennial,hardy,not applicable.,NA,not applicable.,not applicable.,NA,NA,NA,"a deciduous tree grown for it's soft sweet fruit. the fruit are tear drop in shape, and usually have yellow to green skin and white flesh.","prefer a cold wet climate with a chill period of between 400 and 800 hours at less that 7 °c , and temperatures rarely going above 32°c. new varieties can withstand hotter climates, so choosing your variety for your climate in important.",NA,NA,NA,NA,NA,NA,NA,NA,NA,NA,NA,NA
diospyros chinensis,persimmon,miscellaneous,full sun,medium,5.5,6.5,low,not specified,perennial,hardy,not applicable.,NA,not applicable.,not applicable.,NA,NA,NA,also know as the sharon fruit. these glossy yellow to orange fruits look like tomatoes and grow on trees that can reach 18 meters high.,"an easy to grow tree that, depending on variety, can be grown where temperatures drop to -12°c in winter. american varieties are best for colder climates, where as the japanese varieties are better suited to milder climates.",NA,NA,NA,NA,NA,NA,NA,NA,NA,NA,NA,NA
prunus domestica,plum,miscellaneous,full sun,medium,6,8,medium to high,"clay, loam",perennial,hardy,not applicable.,NA,not applicable.,not applicable.,NA,NA,NA,"a sweet fruit that contains a single stone in the centre. has many uses, from eating raw to preserving and cooking. there are many varieties which also include damsons and greengages.","choosing the correct variety for your climate and plot size is essential. the plum tree can vary from being less than 2m high and 0.5m wide to over 5m high. care is not difficult, but pruning and removing dead wood will ensure successful crop.",NA,NA,NA,NA,NA,NA,NA,NA,NA,NA,NA,NA
punica granatum,pomagranate,miscellaneous,full sun,medium,5,6,medium,not specified,perennial,hardy,not applicable.,NA,not applicable.,not applicable.,NA,NA,NA,a deciduous fruit producing shrub or tree. fruits have a tough skin filled with many jewel like seeds covered in red gelatinous flesh.,"can tolerate temperatures down to -12°c, but require lots of heat to ripen the fruit. they can take up to 5 years to produce fruit.",NA,NA,NA,NA,NA,NA,NA,NA,NA,NA,NA,NA
rubus idaeus,raspberry,miscellaneous,full sun,medium,5.5,6.5,low,not specified,perennial,hardy,not applicable.,NA,not applicable.,not applicable.,NA,NA,NA,"a small soft red fruit containing many seed containing drouplets. native to many parts of europe, it is a high value fresh fruit. other uses include processing for juice, jams and confectionary.","most varieties are biennial (fruiting on last years canes). in autumn the old dead canes are removed, excessive new canes are also removed leaving sufficient canes for next years crop.",NA,NA,NA,NA,NA,NA,NA,NA,NA,NA,NA,NA
ribes rubrum,redcurrant,miscellaneous,full sun,medium,6,7,medium,not specified,perennial,hardy,not applicable.,NA,not applicable.,not applicable.,NA,NA,NA,"small shiny berries produced on low bushes. they are quite tart when eaten fresh, but their high pectin content make them ideal for making jellies.","are strong growing plants that will tolerate most conditions, including poor soil and shade. they do however like plenty moisture.",NA,NA,NA,NA,NA,NA,NA,NA,NA,NA,NA,NA
juglans,walnut,miscellaneous,full sun/partial shade,medium,5.5,7.5,medium,not specified,perennial,hardy,not applicable.,NA,not applicable.,not applicable.,NA,NA,NA,"the wrinkled edible seed of a deciduous tree. they can be eaten once fully ripe, or pickled when picked green.","trees can be damaged by by spring frosts and wind. older varieties will take as much as 10 years to produce nuts, but modern varieties can bear nuts in as little as 4 years.",NA,NA,NA,NA,NA,NA,NA,NA,NA,NA,NA,NA
ribes rubrum,white currant,miscellaneous,full sun,medium,6,7,medium,not specified,perennial,hardy,not applicable.,NA,not applicable.,not applicable.,NA,NA,NA,"small shiny berries produced on low bushes. they are quite tart when eaten fresh, but their high pectin content make them ideal for making jellies..","are strong growing plants that will tolerate most conditions, including poor soil and shade. they do however like plenty of moisture.",NA,NA,NA,NA,NA,NA,NA,NA,NA,NA,NA,NA
castanea sativa,chestnut,miscellaneous,full sun,medium,5.5,6,medium,not specified,perennial,hardy,not applicable.,NA,not applicable.,not applicable.,NA,NA,will not produce fruit if not grown in full sun.,"some species of chestnut trees can grow to over 60m high, whereas others are more shrubby in nature. the fruit, contained in a spiny capule, has 2 skins. the first is hard and shiny, the second a thinner skin attached to the seed.","trees can take upto 20 years before producing fruit. grafted trees will start fruiting sooner. they require deep, well drained, fertile soil.",NA,NA,NA,NA,NA,NA,NA,NA,NA,NA,NA,NA
lonicera caerulea,honey berry,miscellaneous,partial shade,medium,5,7,medium,not specified,perennial,very hardy,not applicable.,NA,not applicable.,not applicable.,NA,NA,NA,a fruit bearing member of the honeysuckle family and related to the blueberry. the fruits are used in the same way as most soft fruits. the sweet juicy fruits taste similar to rapberries and blueberries when eaten fresh.,these plants are frost hardy and grow in a range of soil. they are best grouwn in groups to aid polination rate and resulting fruits.,NA,NA,NA,NA,NA,NA,NA,NA,NA,NA,NA,NA
calendula officinalis,calendula,miscellaneous,full sun/partial shade,medium,5.5,7,low,"chalk, loam, sand",NA,hardy,NA,NA,NA,NA,NA,NA,NA,"commonly known as a marigold, the bright yellow or orange flowers of this plant have historically been used for medical and culinary purposes in salads, teas, or oil infusions.","easy to grow and will reseed themselves. they do well in poor, well drained soil and require minimal care once established.",NA,NA,NA,NA,NA,NA,NA,NA,NA,NA,NA,NA
nepeta cataria,catnip,miscellaneous,full sun,low,6,7.5,low,well drained soil,NA,hardy,NA,NA,NA,NA,NA,NA,NA,a member of the mint family. catnip has antibacterial properties and is used to make teas.,"these seeds are tough, and will need slight damage before they will germinate. they will grow in partial shade, but grow much better in full sun. over fertilising can reduce the potency of their scent and flavour.",NA,NA,NA,NA,NA,NA,NA,NA,NA,NA,NA,NA
chamaemelum nobile,chamomile (roman chamomile),miscellaneous,full sun/partial shade,low,5.5,7.5,low,"loam, chalk, sand",NA,hardy,NA,NA,NA,NA,NA,NA,NA,the dried flowers of the chamomile plant contain many terpenoids and flavonoids contributing to the many benefits that it's claimed to help with.,"a creeping, ground covering perennial. it grows best in partial shade, and like most herbs, does best when not fertilised or watered too often.",NA,NA,NA,NA,NA,NA,NA,NA,NA,NA,NA,NA
valeriana officinalis,valerian,miscellaneous,full sun,medium,5.5,7,low,"sand, clay, chalk, loam",perennial,hardy,NA,NA,NA,NA,NA,NA,NA,the root of this plant is used after drying and making into powder. it is claimed that it helps with sleep disorders and depression. the leaves can be used to make tea.,"will grow in a wide variety of conditions, but prefers to be kept moist in well drained soil. it grows to about 1m-1.5m high, and 0.5m wide.",NA,NA,NA,NA,NA,NA,NA,NA,NA,NA,NA,NA
symphytum officinale,comfrey,miscellaneous,partial shade,medium,6,7,low,"chalk, clay, sand, loam",perennial,hardy,NA,NA,NA,NA,NA,NA,NA,"there are many uses of comfrey. it has reported healing properties when used as an external dressing, or consumed as a tea. the nutrient rich leaves can be used as a fertiliser.","comfrey can live for over 20 years, and will thrive in good soil and full sun. once established, it requires little maintenance, however, mulching with grass cuttings will help to produce more leaves.",NA,NA,NA,NA,NA,NA,NA,NA,NA,NA,NA,NA
coriandrum sativum,coriander,umbelliferae,full sun,medium,6,7,low,"loam, chalk, sand",annual,hardy,NA,NA,NA,NA,NA,NA,NA,"this aromatic herb is used in cooking. the whole plant can be eaten, although the leaves and seeds are most often used; the leaves as a herb, and the seeds as a spice.","keep the soil damp, but not over watered. dry soil will cause the plants to flower prematurely, or bolt.",NA,NA,NA,NA,NA,NA,NA,NA,NA,NA,NA,NA
anethum graveolens,dill,umbelliferae,full sun,medium,5.5,7,medium,"loam, chalk, sand",annual,hardy,NA,NA,NA,NA,NA,NA,NA,a member of the parsley family. this aromatic herb has feathery green leaves which are best used fresh. the seeds are also used as a spice.,dill does not like to be transplanted. it may require staking to prevent it falling over.,NA,NA,NA,NA,NA,NA,NA,NA,NA,NA,NA,NA
thymus vulgaris,thyme,miscellaneous,full sun,low,5.5,7,low,"loam, chalk, sand",perennial,hardy,NA,NA,NA,NA,NA,NA,NA,this is a woody stemmed plant with an abundance of small leaves which are used to flavour dishes.,"easy to grow, and suitable for rock gardens. after flowering cut back to retain compactness.",NA,NA,NA,NA,NA,NA,NA,NA,NA,NA,NA,NA
tanacetum parthenium,feverfew,miscellaneous,full sun,low,6,8,low,most soils,perennial,hardy,NA,NA,NA,NA,NA,NA,NA,a flowering plant in the daisy family. it is used for its reported medicinal properties - for the treatment of migraines and other ailments.,"will grow well in most soils, but not in heavy wet soils. self seeds, remove dead flowers to prevent this.",NA,NA,NA,NA,NA,NA,NA,NA,NA,NA,NA,NA
armoracia rusticana,horseradish,brassica,full sun,medium,5,7.5,medium,"loam, chalk, sand, clay",perennial,very hardy,NA,NA,NA,NA,NA,NA,NA,"a root vegetable and a member of the mustard family. the green leaves can be eaten, but it is mainly grown for its root, which is used for is pungent flavour, especially in stews.","an easy to look after herb that prefers light, fertile and deep soil. can be invasive, so is regularly grown in raised beds.",NA,NA,NA,NA,NA,NA,NA,NA,NA,NA,NA,NA
cymbopogon citratus,lemon grass,miscellaneous,full sun,high,5,8,low,loam,NA,very tender,NA,NA,NA,NA,NA,NA,NA,"a tall perennial grass used in cooking or infusion. the inner soft parts of the stalks can be used either fresh, or dried.",can be grown from stalk bought for cooking by placing in water. it likes a warm sunny spot.,NA,NA,NA,NA,NA,NA,NA,NA,NA,NA,NA,NA
origanum majorana,marjoram,lamiaceae,full sun,low,6,8,low,"loam, chalk, sand",perennial,hardy,NA,NA,NA,NA,NA,NA,NA,a perennial herb grown for it's aromatic flavours of sweet pine and citrus.,"requires regular watering, however, be careful of overwatering as the roots can easily rot.",NA,NA,NA,NA,NA,NA,NA,NA,NA,NA,NA,NA
mentha spicata,mint,lamiaceae,full sun,low,7,8,low,"chalk, clay, sand, loam",perennial,very hardy,NA,NA,NA,NA,NA,NA,NA,"a versatile herb which can be used in hot drinks, in salads, and as a mint sauce (traditionally served with roast lamb). is also an essential ingredient in the mojito cocktail.","an easy to grow herb that will thrive in rich, moisture retentive, deep soil. mint will spread if not kept in check.",NA,NA,NA,NA,NA,NA,NA,NA,NA,NA,NA,NA
origanum vulgare,oregano,lamiaceae,full sun,low,6,7,low,"loam, chalk, sand",NA,hardy,NA,NA,NA,NA,NA,NA,NA,a perennial herb grown for it's aromatic flavours of sweet pine and citrus.,"requires regular watering, however, be careful of overwatering as the roots can easily rot.",NA,NA,NA,NA,NA,NA,NA,NA,NA,NA,NA,NA
petroselinum crispum,parsley,umbelliferae,full sun/partial shade,medium,5,7,medium,loam,biennial,hardy,NA,NA,NA,NA,NA,NA,NA,"extensivly used in cooking, from a garnish to an essential ingredient in some dishes, such as salsa verde.","the seed needs to be soaked in warm water overnight before planting, and can take several weeks to germinate. it can survive cold winters if mulched.",NA,NA,NA,NA,NA,NA,NA,NA,NA,NA,NA,NA
rosmarinus officinalis,rosemary,miscellaneous,full sun,low,5,6,low,"sand, clay, chalk, loam",shrub,hardy,NA,NA,NA,NA,NA,NA,NA,"an evergreen shrub, with fragrant needle shaped leaves used to flavour dishes.","an easy to grow shrub that prefers poor, well drained soil. is best cultivated from semi-hard wood cuttings.",NA,NA,NA,NA,NA,NA,NA,NA,NA,NA,NA,NA
salvia officinalis,sage,miscellaneous,full sun,low,5.5,6.5,low,"sand, chalk, loam",perennial,hardy,NA,NA,NA,NA,NA,NA,NA,the soft greyish green leaves are traditionally used in stuffing. they also have reported medicinal properties to help with digestive problems.,"an easy herb to grow that does well in most well drained soils. trim back in the autumn to encourage new growth, and stop the stems becoming leggy.",NA,NA,NA,NA,NA,NA,NA,NA,NA,NA,NA,NA
artemisia dracunculus,tarragon (french),miscellaneous,full sun,low,6.5,7.5,low,"loam, sand",perennial,hardy,NA,NA,NA,NA,NA,NA,NA,tarragon is reported to be one of the top 4 herbs used in french cooking. it has an intense flavour that is a unique blend of sweet aniseed and mild vanilla. it is essential ingredient in béarnaise sauce.,"does not set viable seed, so buying young plants, or taking cuttings is required. trim back in autumn to encourage new growth and stop the stems becoming leggy.",NA,NA,NA,NA,NA,NA,NA,NA,NA,NA,NA,NA
fragaria ananassa,strawberry,miscellaneous,full sun,medium,5.5,6.5,medium,loam,perennial,hardy,NA,NA,NA,NA,NA,NA,NA,"a soft fruit that is cultivated world wide, and appreciated for its characteristic aroma and sweetness. it is eaten fresh, used for making preserves, juices, and many other dishes.","requires fertile, moist but well drained soil. planting through polythene, or applying straw keeps the berries clean. this is an ideal plant to grow in containers as this will allow the berries to mature away from moist soil.",NA,NA,NA,NA,NA,NA,NA,NA,NA,NA,NA,NA
melissa officinalis,lemon balm,miscellaneous,full sun,medium,6,7.5,low,"chalk, clay, sand, loam",perennial,very hardy,NA,NA,NA,NA,NA,NA,NA,"a member of the mint family, the leaves have a mild lemon sent. it is used to add flavour, or as an infusion in a hot drink.","will grow in any moisture retentive soil, but will need protected from excessive moisture over the winter.",NA,NA,NA,NA,NA,NA,NA,NA,NA,NA,NA,NA
